Regressor,MSE,R2_Score,MAPE(%)
Random Forest Regressor,2.743715956627924,0.9762104084437315,11.781561115139159
Neural Network Regressor,2.14599056979873,0.9878425792145837,7.042193837324243
Bayesian Regressor,4.106329986325944,0.983371557308009,12.897587884683702
